module_name,abi,class_name,test_name,result
module_1,arm64-v8a,testcase_1,test_1,pass
module_1,arm64-v8a,testcase_1,test_2,fail
module_2,arm64-v8a,testcase_2,test_3,pass
module_2,arm64-v8a,testcase_3,test_4,ASSUMPTION_FAILURE
module_2,arm64-v8a,testcase_3,test_5,fail
module_2,arm64-v8a,testcase_4,test_6,IGNORED
module_2,arm64-v8a,testcase_4,test_7,fail
module_2,arm64-v8a,testcase_4,test_8,TEST_STATUS_UNSPECIFIED
module_3,arm64-v8a,testcase_5,test_9,pass
module_3,arm64-v8a,testcase_5,test_10,TEST_ERROR
